{"cameraMode":{"drawMode":0,"name":"Shaded","section":"Shading Mode"},"sceneLighting":true,"audioPlay":false,"sceneViewState":{"m_AlwaysRefresh":false,"showFog":true,"showSkybox":true,"showFlares":true,"showImageEffects":true,"showParticleSystems":true,"showVisualEffectGraphs":true,"m_FxEnabled":true},"in2DMode":false,"pivot":{"x":6.5904622077941898,"y":32.14292907714844,"z":-15.762527465820313},"rotation":{"x":-0.48268240690231326,"y":0.06115123629570007,"z":-0.032017529010772708,"w":-0.8732264637947083},"size":1.724275827407837,"orthographic":false}