{"cameraMode":{"drawMode":0,"name":"Shaded","section":"Shading Mode"},"sceneLighting":true,"audioPlay":false,"sceneViewState":{"m_AlwaysRefresh":false,"showFog":true,"showSkybox":true,"showFlares":true,"showImageEffects":true,"showParticleSystems":true,"showVisualEffectGraphs":true,"m_FxEnabled":true},"in2DMode":false,"pivot":{"x":22.924537658691408,"y":88.15965270996094,"z":-33.295406341552737},"rotation":{"x":0.5838280320167542,"y":-0.0065331896767020229,"z":0.002839790191501379,"w":0.8120065927505493},"size":1.805524468421936,"orthographic":false}