{"cameraMode":{"drawMode":0,"name":"Shaded","section":"Shading Mode"},"sceneLighting":true,"audioPlay":false,"sceneViewState":{"m_AlwaysRefresh":false,"showFog":true,"showSkybox":true,"showFlares":true,"showImageEffects":true,"showParticleSystems":true,"showVisualEffectGraphs":true,"m_FxEnabled":true},"in2DMode":false,"pivot":{"x":-77.00322723388672,"y":-122.06094360351563,"z":152.64801025390626},"rotation":{"x":0.29170548915863039,"y":-0.21289223432540894,"z":0.06680571287870407,"w":0.9301878809928894},"size":109.07312774658203,"orthographic":false}