{"cameraMode":{"drawMode":0,"name":"Shaded","section":"Shading Mode"},"sceneLighting":false,"audioPlay":false,"sceneViewState":{"m_AlwaysRefresh":false,"showFog":true,"showSkybox":false,"showFlares":true,"showImageEffects":true,"showParticleSystems":true,"showVisualEffectGraphs":true,"m_FxEnabled":true},"in2DMode":false,"pivot":{"x":1.1481033563613892,"y":7.360777378082275,"z":0.9169039130210877},"rotation":{"x":-0.06214360520243645,"y":0.8926019072532654,"z":-0.12941481173038484,"w":-0.42745572328567507},"size":0.5196152329444885,"orthographic":false}