{"cameraMode":{"drawMode":0,"name":"Shaded","section":"Shading Mode"},"sceneLighting":false,"audioPlay":false,"sceneViewState":{"m_AlwaysRefresh":false,"showFog":true,"showSkybox":false,"showFlares":true,"showImageEffects":true,"showParticleSystems":true,"showVisualEffectGraphs":true,"m_FxEnabled":true},"in2DMode":false,"pivot":{"x":2.2940070629119875,"y":-0.4052949845790863,"z":0.07957786321640015},"rotation":{"x":0.035754136741161349,"y":0.6812040209770203,"z":-0.035463109612464908,"w":0.7305271029472351},"size":2.504392623901367,"orthographic":false}